gndId,preferredName,bio,dateOfBirth,dateOfDeath,placeOfBirth,placeOfDeath,professionOrOccupation,sameAs
https://d-nb.info/gnd/100823548,"Raupach, Ernst Benjamin Salomo",,1784-05-21,1852-03-18,https://d-nb.info/gnd/4496933-8,https://d-nb.info/gnd/4005728-8,_:bn9760760,http://viaf.org/viaf/9889912
https://d-nb.info/gnd/100823548,"Raupach, Ernst Benjamin Salomo",,1784-05-21,1852-03-18,https://d-nb.info/gnd/4496933-8,https://d-nb.info/gnd/4005728-8,_:bn9760760,http://www.wikidata.org/entity/Q67961
https://d-nb.info/gnd/100823548,"Raupach, Ernst Benjamin Salomo",,1784-05-21,1852-03-18,https://d-nb.info/gnd/4496933-8,https://d-nb.info/gnd/4005728-8,_:bn9760760,https://dbpedia.org/resource/Ernst_Raupach
https://d-nb.info/gnd/100823548,"Raupach, Ernst Benjamin Salomo",,1784-05-21,1852-03-18,https://d-nb.info/gnd/4496933-8,https://d-nb.info/gnd/4005728-8,_:bn9760760,https://isni.org/isni/0000000080887019
https://d-nb.info/gnd/100823548,"Raupach, Ernst Benjamin Salomo",,1784-05-21,1852-03-18,https://d-nb.info/gnd/4496933-8,https://d-nb.info/gnd/4005728-8,_:bn9760760,http://id.loc.gov/rwo/agents/n93084093
https://d-nb.info/gnd/100844901,"Holbein, Franz Ignaz von",,1779-08-27,1854-09-06,https://d-nb.info/gnd/4109039-1,https://d-nb.info/gnd/4066009-6,_:bn9762919,http://id.loc.gov/rwo/agents/n85034614
https://d-nb.info/gnd/100844901,"Holbein, Franz Ignaz von",,1779-08-27,1854-09-06,https://d-nb.info/gnd/4109039-1,https://d-nb.info/gnd/4066009-6,_:bn9762919,http://viaf.org/viaf/93990741
https://d-nb.info/gnd/100844901,"Holbein, Franz Ignaz von",,1779-08-27,1854-09-06,https://d-nb.info/gnd/4109039-1,https://d-nb.info/gnd/4066009-6,_:bn9762919,http://www.wikidata.org/entity/Q1447416
https://d-nb.info/gnd/100844901,"Holbein, Franz Ignaz von",,1779-08-27,1854-09-06,https://d-nb.info/gnd/4109039-1,https://d-nb.info/gnd/4066009-6,_:bn9762919,https://isni.org/isni/0000000109990766
https://d-nb.info/gnd/100844979,"Amalie Friederike Auguste, Sachsen, Prinzessin",Tochter von Maximilian Maria Joseph von Sachsen. Schwester von Friedrich August II. von Sachsen,1794-08-10,1870-09-18,https://d-nb.info/gnd/4012995-0,https://d-nb.info/gnd/4306696-3,_:bn9762939,http://id.loc.gov/rwo/agents/n83044572
https://d-nb.info/gnd/100844979,"Amalie Friederike Auguste, Sachsen, Prinzessin",Tochter von Maximilian Maria Joseph von Sachsen. Schwester von Friedrich August II. von Sachsen,1794-08-10,1870-09-18,https://d-nb.info/gnd/4012995-0,https://d-nb.info/gnd/4306696-3,_:bn9762939,http://viaf.org/viaf/2822153
https://d-nb.info/gnd/100844979,"Amalie Friederike Auguste, Sachsen, Prinzessin",Tochter von Maximilian Maria Joseph von Sachsen. Schwester von Friedrich August II. von Sachsen,1794-08-10,1870-09-18,https://d-nb.info/gnd/4012995-0,https://d-nb.info/gnd/4306696-3,_:bn9762939,http://www.wikidata.org/entity/Q69929
https://d-nb.info/gnd/100844979,"Amalie Friederike Auguste, Sachsen, Prinzessin",Tochter von Maximilian Maria Joseph von Sachsen. Schwester von Friedrich August II. von Sachsen,1794-08-10,1870-09-18,https://d-nb.info/gnd/4012995-0,https://d-nb.info/gnd/4306696-3,_:bn9762939,https://d-nb.info/gnd/1089849931
https://d-nb.info/gnd/100844979,"Amalie Friederike Auguste, Sachsen, Prinzessin",Tochter von Maximilian Maria Joseph von Sachsen. Schwester von Friedrich August II. von Sachsen,1794-08-10,1870-09-18,https://d-nb.info/gnd/4012995-0,https://d-nb.info/gnd/4306696-3,_:bn9762939,https://dbpedia.org/resource/Princess_Amalie_of_Saxony
https://d-nb.info/gnd/100844979,"Amalie Friederike Auguste, Sachsen, Prinzessin",Tochter von Maximilian Maria Joseph von Sachsen. Schwester von Friedrich August II. von Sachsen,1794-08-10,1870-09-18,https://d-nb.info/gnd/4012995-0,https://d-nb.info/gnd/4306696-3,_:bn9762939,https://isni.org/isni/0000000022086301
https://d-nb.info/gnd/103770617X,"Krause, Charlotte Luise von",Dt. Schriftstellerin; geb. von Fink,1785,1845,https://d-nb.info/gnd/4104512-9,,_:bn4466848,https://d-nb.info/gnd/1055467440
https://d-nb.info/gnd/103770617X,"Krause, Charlotte Luise von",Dt. Schriftstellerin; geb. von Fink,1785,1845,https://d-nb.info/gnd/4104512-9,,_:bn4466848,http://www.wikidata.org/entity/Q94774507
https://d-nb.info/gnd/103770617X,"Krause, Charlotte Luise von",Dt. Schriftstellerin; geb. von Fink,1785,1845,https://d-nb.info/gnd/4104512-9,,_:bn4466848,http://viaf.org/viaf/304957796
https://d-nb.info/gnd/104309040,"Töpfer, Karl",Dt. Dramatiker; Lustspieldichter; Bühnendichter; Schauspieler; Musiker; Sänger; Schriftsteller und eventuell auch Freimaurer,1792-12-26,1871-08-22,https://d-nb.info/gnd/4005728-8,https://d-nb.info/gnd/4023118-5,_:bn260552,http://id.loc.gov/rwo/agents/nb2013006823
https://d-nb.info/gnd/104309040,"Töpfer, Karl",Dt. Dramatiker; Lustspieldichter; Bühnendichter; Schauspieler; Musiker; Sänger; Schriftsteller und eventuell auch Freimaurer,1792-12-26,1871-08-22,https://d-nb.info/gnd/4005728-8,https://d-nb.info/gnd/4023118-5,_:bn260552,http://viaf.org/viaf/84323137
https://d-nb.info/gnd/104309040,"Töpfer, Karl",Dt. Dramatiker; Lustspieldichter; Bühnendichter; Schauspieler; Musiker; Sänger; Schriftsteller und eventuell auch Freimaurer,1792-12-26,1871-08-22,https://d-nb.info/gnd/4005728-8,https://d-nb.info/gnd/4023118-5,_:bn260552,http://www.wikidata.org/entity/Q16650514
https://d-nb.info/gnd/104309040,"Töpfer, Karl",Dt. Dramatiker; Lustspieldichter; Bühnendichter; Schauspieler; Musiker; Sänger; Schriftsteller und eventuell auch Freimaurer,1792-12-26,1871-08-22,https://d-nb.info/gnd/4005728-8,https://d-nb.info/gnd/4023118-5,_:bn260552,https://d-nb.info/gnd/1055096892
https://d-nb.info/gnd/104309040,"Töpfer, Karl",Dt. Dramatiker; Lustspieldichter; Bühnendichter; Schauspieler; Musiker; Sänger; Schriftsteller und eventuell auch Freimaurer,1792-12-26,1871-08-22,https://d-nb.info/gnd/4005728-8,https://d-nb.info/gnd/4023118-5,_:bn260552,https://d-nb.info/gnd/1089998864
https://d-nb.info/gnd/104309040,"Töpfer, Karl",Dt. Dramatiker; Lustspieldichter; Bühnendichter; Schauspieler; Musiker; Sänger; Schriftsteller und eventuell auch Freimaurer,1792-12-26,1871-08-22,https://d-nb.info/gnd/4005728-8,https://d-nb.info/gnd/4023118-5,_:bn260552,https://isni.org/isni/0000000109940558
https://d-nb.info/gnd/104325011,"Schmidt, Friedrich Ludwig",In erster Ehe bis 1794 verheiratet mit Schauspielerin Louise Wilhelmine Löwe; in zweiter Ehe ab 1796 mit Henriette Moers.,1772-08-05,1841-04-13,https://d-nb.info/gnd/4023349-2,https://d-nb.info/gnd/4023118-5,_:bn9896747,http://id.loc.gov/rwo/agents/no2001087085
https://d-nb.info/gnd/104325011,"Schmidt, Friedrich Ludwig",In erster Ehe bis 1794 verheiratet mit Schauspielerin Louise Wilhelmine Löwe; in zweiter Ehe ab 1796 mit Henriette Moers.,1772-08-05,1841-04-13,https://d-nb.info/gnd/4023349-2,https://d-nb.info/gnd/4023118-5,_:bn9896747,http://viaf.org/viaf/69366690
https://d-nb.info/gnd/104325011,"Schmidt, Friedrich Ludwig",In erster Ehe bis 1794 verheiratet mit Schauspielerin Louise Wilhelmine Löwe; in zweiter Ehe ab 1796 mit Henriette Moers.,1772-08-05,1841-04-13,https://d-nb.info/gnd/4023349-2,https://d-nb.info/gnd/4023118-5,_:bn9896747,http://www.wikidata.org/entity/Q16471530
https://d-nb.info/gnd/104325011,"Schmidt, Friedrich Ludwig",In erster Ehe bis 1794 verheiratet mit Schauspielerin Louise Wilhelmine Löwe; in zweiter Ehe ab 1796 mit Henriette Moers.,1772-08-05,1841-04-13,https://d-nb.info/gnd/4023349-2,https://d-nb.info/gnd/4023118-5,_:bn9896747,https://isni.org/isni/0000000042049399
https://d-nb.info/gnd/105607231,"Riese, Friedrich Wilhelm",,1807-02-24,1879-11-15,https://d-nb.info/gnd/4005728-8,https://d-nb.info/gnd/4041476-0,_:bn281206,http://viaf.org/viaf/130931229
https://d-nb.info/gnd/105607231,"Riese, Friedrich Wilhelm",,1807-02-24,1879-11-15,https://d-nb.info/gnd/4005728-8,https://d-nb.info/gnd/4041476-0,_:bn281206,http://www.wikidata.org/entity/Q85481
https://d-nb.info/gnd/105607231,"Riese, Friedrich Wilhelm",,1807-02-24,1879-11-15,https://d-nb.info/gnd/4005728-8,https://d-nb.info/gnd/4041476-0,_:bn281206,https://isni.org/isni/0000000117027558
https://d-nb.info/gnd/105607231,"Riese, Friedrich Wilhelm",,1807-02-24,1879-11-15,https://d-nb.info/gnd/4005728-8,https://d-nb.info/gnd/4041476-0,_:bn281206,https://www.filmportal.de/58A9A31B200A43698E2492D4E6D417E7
https://d-nb.info/gnd/116207523,"Blum, Carl",,1785,1844-07-02,https://d-nb.info/gnd/4005728-8,https://d-nb.info/gnd/4005728-8,_:bn10059555,https://isni.org/isni/000000010890589X
https://d-nb.info/gnd/116207523,"Blum, Carl",,1785,1844-07-02,https://d-nb.info/gnd/4005728-8,https://d-nb.info/gnd/4005728-8,_:bn10059555,http://id.loc.gov/rwo/agents/no93010511
https://d-nb.info/gnd/116207523,"Blum, Carl",,1785,1844-07-02,https://d-nb.info/gnd/4005728-8,https://d-nb.info/gnd/4005728-8,_:bn10059555,http://viaf.org/viaf/40124084
https://d-nb.info/gnd/116207523,"Blum, Carl",,1785,1844-07-02,https://d-nb.info/gnd/4005728-8,https://d-nb.info/gnd/4005728-8,_:bn10059555,http://www.wikidata.org/entity/Q110163
https://d-nb.info/gnd/116311118,"Angely, Louis","Louis Angely verfasste vornehmlich Possen und Vaudevilles nach französischer Vorlage, die er an das Berliner Milieu anpasste",1787-02-01,1835-11-16,https://d-nb.info/gnd/4035206-7,https://d-nb.info/gnd/4005728-8,_:bn468015,http://id.loc.gov/rwo/agents/no00013856
https://d-nb.info/gnd/116311118,"Angely, Louis","Louis Angely verfasste vornehmlich Possen und Vaudevilles nach französischer Vorlage, die er an das Berliner Milieu anpasste",1787-02-01,1835-11-16,https://d-nb.info/gnd/4035206-7,https://d-nb.info/gnd/4005728-8,_:bn468015,http://viaf.org/viaf/13054762
https://d-nb.info/gnd/116311118,"Angely, Louis","Louis Angely verfasste vornehmlich Possen und Vaudevilles nach französischer Vorlage, die er an das Berliner Milieu anpasste",1787-02-01,1835-11-16,https://d-nb.info/gnd/4035206-7,https://d-nb.info/gnd/4005728-8,_:bn468015,http://www.wikidata.org/entity/Q76070
https://d-nb.info/gnd/116311118,"Angely, Louis","Louis Angely verfasste vornehmlich Possen und Vaudevilles nach französischer Vorlage, die er an das Berliner Milieu anpasste",1787-02-01,1835-11-16,https://d-nb.info/gnd/4035206-7,https://d-nb.info/gnd/4005728-8,_:bn468015,https://dbpedia.org/resource/Louis_Angely
https://d-nb.info/gnd/116311118,"Angely, Louis","Louis Angely verfasste vornehmlich Possen und Vaudevilles nach französischer Vorlage, die er an das Berliner Milieu anpasste",1787-02-01,1835-11-16,https://d-nb.info/gnd/4035206-7,https://d-nb.info/gnd/4005728-8,_:bn468015,https://isni.org/isni/0000000109557487
https://d-nb.info/gnd/116452145,"Ellmenreich, Friederike",Tochter der Schauspielerin Marianne Rouillon.,1775-10-24,1845-04-05,https://d-nb.info/gnd/4031616-6,https://d-nb.info/gnd/4053950-7,_:bn498757,http://id.loc.gov/rwo/agents/n2016032597
https://d-nb.info/gnd/116452145,"Ellmenreich, Friederike",Tochter der Schauspielerin Marianne Rouillon.,1775-10-24,1845-04-05,https://d-nb.info/gnd/4031616-6,https://d-nb.info/gnd/4053950-7,_:bn498757,http://viaf.org/viaf/17323158
https://d-nb.info/gnd/116452145,"Ellmenreich, Friederike",Tochter der Schauspielerin Marianne Rouillon.,1775-10-24,1845-04-05,https://d-nb.info/gnd/4031616-6,https://d-nb.info/gnd/4053950-7,_:bn498757,http://www.wikidata.org/entity/Q1457035
https://d-nb.info/gnd/116452145,"Ellmenreich, Friederike",Tochter der Schauspielerin Marianne Rouillon.,1775-10-24,1845-04-05,https://d-nb.info/gnd/4031616-6,https://d-nb.info/gnd/4053950-7,_:bn498757,https://isni.org/isni/0000000013401832
https://d-nb.info/gnd/116616261,"Kurländer, Franz August von",Ratssekretär; Dt. Dramatiker und Übersetzer,1777-11-26,1836-09-04,https://d-nb.info/gnd/4066009-6,https://d-nb.info/gnd/4066009-6,_:bn531208,http://viaf.org/viaf/72149971
https://d-nb.info/gnd/116616261,"Kurländer, Franz August von",Ratssekretär; Dt. Dramatiker und Übersetzer,1777-11-26,1836-09-04,https://d-nb.info/gnd/4066009-6,https://d-nb.info/gnd/4066009-6,_:bn531208,http://www.wikidata.org/entity/Q55122987
https://d-nb.info/gnd/116616261,"Kurländer, Franz August von",Ratssekretär; Dt. Dramatiker und Übersetzer,1777-11-26,1836-09-04,https://d-nb.info/gnd/4066009-6,https://d-nb.info/gnd/4066009-6,_:bn531208,https://isni.org/isni/0000000066786625
https://d-nb.info/gnd/116686030,"Cosmar, Alexander",,1805-05-12,1842-01-27,https://d-nb.info/gnd/4005728-8,https://d-nb.info/gnd/4005728-8,_:bn10117204,http://viaf.org/viaf/52447967
https://d-nb.info/gnd/116686030,"Cosmar, Alexander",,1805-05-12,1842-01-27,https://d-nb.info/gnd/4005728-8,https://d-nb.info/gnd/4005728-8,_:bn10117204,https://isni.org/isni/0000000110627331
https://d-nb.info/gnd/116686030,"Cosmar, Alexander",,1805-05-12,1842-01-27,https://d-nb.info/gnd/4005728-8,https://d-nb.info/gnd/4005728-8,_:bn10117204,http://www.wikidata.org/entity/Q19125906
https://d-nb.info/gnd/116686030,"Cosmar, Alexander",,1805-05-12,1842-01-27,https://d-nb.info/gnd/4005728-8,https://d-nb.info/gnd/4005728-8,_:bn10117204,http://id.loc.gov/rwo/agents/no2002058728
https://d-nb.info/gnd/116746823,"Herrmann, B. A.",,1806-10-18,1876-05-29,https://d-nb.info/gnd/4023118-5,https://d-nb.info/gnd/4023118-5,_:bn546196,http://viaf.org/viaf/67225077
https://d-nb.info/gnd/116746823,"Herrmann, B. A.",,1806-10-18,1876-05-29,https://d-nb.info/gnd/4023118-5,https://d-nb.info/gnd/4023118-5,_:bn546196,http://www.wikidata.org/entity/Q55123021
https://d-nb.info/gnd/116752505,"Franul von Weißenthurn, Johanna",,1772-02-16,1847-05-17,https://d-nb.info/gnd/4031410-8,https://d-nb.info/gnd/4066009-6,_:bn547965,http://id.loc.gov/rwo/agents/no2006122722
https://d-nb.info/gnd/116752505,"Franul von Weißenthurn, Johanna",,1772-02-16,1847-05-17,https://d-nb.info/gnd/4031410-8,https://d-nb.info/gnd/4066009-6,_:bn547965,http://viaf.org/viaf/8147834
https://d-nb.info/gnd/116752505,"Franul von Weißenthurn, Johanna",,1772-02-16,1847-05-17,https://d-nb.info/gnd/4031410-8,https://d-nb.info/gnd/4066009-6,_:bn547965,http://www.wikidata.org/entity/Q1696932
https://d-nb.info/gnd/116752505,"Franul von Weißenthurn, Johanna",,1772-02-16,1847-05-17,https://d-nb.info/gnd/4031410-8,https://d-nb.info/gnd/4066009-6,_:bn547965,https://d-nb.info/gnd/1055098208
https://d-nb.info/gnd/116752505,"Franul von Weißenthurn, Johanna",,1772-02-16,1847-05-17,https://d-nb.info/gnd/4031410-8,https://d-nb.info/gnd/4066009-6,_:bn547965,https://d-nb.info/gnd/1089896182
https://d-nb.info/gnd/116752505,"Franul von Weißenthurn, Johanna",,1772-02-16,1847-05-17,https://d-nb.info/gnd/4031410-8,https://d-nb.info/gnd/4066009-6,_:bn547965,https://isni.org/isni/0000000117409791
https://d-nb.info/gnd/116836709,"Schneider, Louis",Sammlung von Theaterzetteln und Porträts im Besitz der Staatsbibliothek zu Berlin.,1805-04-29,1878-12-16,https://d-nb.info/gnd/4005728-8,https://d-nb.info/gnd/1140505823,_:bn554998,http://id.loc.gov/rwo/agents/no2002099303
https://d-nb.info/gnd/116836709,"Schneider, Louis",Vorleser des preußischen Königs Friedrich Wilhelm IV.,1805-04-29,1878-12-16,https://d-nb.info/gnd/4005728-8,https://d-nb.info/gnd/1140505823,_:bn554998,https://isni.org/isni/0000000110465889
https://d-nb.info/gnd/116836709,"Schneider, Louis",Sammlung von Theaterzetteln und Porträts im Besitz der Staatsbibliothek zu Berlin.,1805-04-29,1878-12-16,https://d-nb.info/gnd/4005728-8,https://d-nb.info/gnd/1140505823,_:bn554998,https://isni.org/isni/0000000110465889
https://d-nb.info/gnd/116836709,"Schneider, Louis",Vorleser des preußischen Königs Friedrich Wilhelm IV.,1805-04-29,1878-12-16,https://d-nb.info/gnd/4005728-8,https://d-nb.info/gnd/1140505823,_:bn554998,https://dbpedia.org/resource/Louis_Schneider_(actor)
https://d-nb.info/gnd/116836709,"Schneider, Louis",Sammlung von Theaterzetteln und Porträts im Besitz der Staatsbibliothek zu Berlin.,1805-04-29,1878-12-16,https://d-nb.info/gnd/4005728-8,https://d-nb.info/gnd/1140505823,_:bn554998,https://dbpedia.org/resource/Louis_Schneider_(actor)
https://d-nb.info/gnd/116836709,"Schneider, Louis",Sammlung von Theaterzetteln und Porträts im Besitz der Staatsbibliothek zu Berlin.,1805-04-29,1878-12-16,https://d-nb.info/gnd/4005728-8,https://d-nb.info/gnd/1140505823,_:bn554998,http://www.wikidata.org/entity/Q214659
https://d-nb.info/gnd/116836709,"Schneider, Louis",Vorleser des preußischen Königs Friedrich Wilhelm IV.,1805-04-29,1878-12-16,https://d-nb.info/gnd/4005728-8,https://d-nb.info/gnd/1140505823,_:bn554998,http://www.wikidata.org/entity/Q214659
https://d-nb.info/gnd/116836709,"Schneider, Louis",Vorleser des preußischen Königs Friedrich Wilhelm IV.,1805-04-29,1878-12-16,https://d-nb.info/gnd/4005728-8,https://d-nb.info/gnd/1140505823,_:bn554998,http://id.loc.gov/rwo/agents/no2002099303
https://d-nb.info/gnd/116836709,"Schneider, Louis",Vorleser des preußischen Königs Friedrich Wilhelm IV.,1805-04-29,1878-12-16,https://d-nb.info/gnd/4005728-8,https://d-nb.info/gnd/1140505823,_:bn554998,http://viaf.org/viaf/24701939
https://d-nb.info/gnd/116836709,"Schneider, Louis",Sammlung von Theaterzetteln und Porträts im Besitz der Staatsbibliothek zu Berlin.,1805-04-29,1878-12-16,https://d-nb.info/gnd/4005728-8,https://d-nb.info/gnd/1140505823,_:bn554998,http://viaf.org/viaf/24701939
https://d-nb.info/gnd/116850310,"Lebrun, Carl",,1792-10-08,1842-07-25,https://d-nb.info/gnd/4022987-7,https://d-nb.info/gnd/4023118-5,_:bn558950,http://id.loc.gov/rwo/agents/n83227377
https://d-nb.info/gnd/116850310,"Lebrun, Carl",,1792-10-08,1842-07-25,https://d-nb.info/gnd/4022987-7,https://d-nb.info/gnd/4023118-5,_:bn558950,http://viaf.org/viaf/49987551
https://d-nb.info/gnd/116850310,"Lebrun, Carl",,1792-10-08,1842-07-25,https://d-nb.info/gnd/4022987-7,https://d-nb.info/gnd/4023118-5,_:bn558950,http://www.wikidata.org/entity/Q125304
https://d-nb.info/gnd/116850310,"Lebrun, Carl",,1792-10-08,1842-07-25,https://d-nb.info/gnd/4022987-7,https://d-nb.info/gnd/4023118-5,_:bn558950,https://d-nb.info/gnd/116850302
https://d-nb.info/gnd/116850310,"Lebrun, Carl",,1792-10-08,1842-07-25,https://d-nb.info/gnd/4022987-7,https://d-nb.info/gnd/4023118-5,_:bn558950,https://isni.org/isni/0000000109699485
https://d-nb.info/gnd/116891025,"Lembert, Johann Wenzel",Königl. Würtembergischer Hofschauspieler,1779-03-21,1851-06-06,https://d-nb.info/gnd/4076310-9,https://d-nb.info/gnd/4039880-8,_:bn10160139,http://id.loc.gov/rwo/agents/nr96023014
https://d-nb.info/gnd/116891025,"Lembert, Johann Wenzel",Königl. Würtembergischer Hofschauspieler,1779-03-21,1851-06-06,https://d-nb.info/gnd/4076310-9,https://d-nb.info/gnd/4039880-8,_:bn10160139,http://viaf.org/viaf/35219796
https://d-nb.info/gnd/116891025,"Lembert, Johann Wenzel",Königl. Würtembergischer Hofschauspieler,1779-03-21,1851-06-06,https://d-nb.info/gnd/4076310-9,https://d-nb.info/gnd/4039880-8,_:bn10160139,http://www.wikidata.org/entity/Q17352902
https://d-nb.info/gnd/116891025,"Lembert, Johann Wenzel",Königl. Würtembergischer Hofschauspieler,1779-03-21,1851-06-06,https://d-nb.info/gnd/4076310-9,https://d-nb.info/gnd/4039880-8,_:bn10160139,https://isni.org/isni/0000000066764506
https://d-nb.info/gnd/116987367,"Ziegler, Friedrich W.",Dt. Dramatiker und Schauspieler,1759,1827-09-21,https://d-nb.info/gnd/4008065-1,https://d-nb.info/gnd/4076329-8,_:bn10182459,http://viaf.org/viaf/15534193
https://d-nb.info/gnd/116987367,"Ziegler, Friedrich W.",Dt. Dramatiker und Schauspieler,1759,1827-09-21,https://d-nb.info/gnd/4008065-1,https://d-nb.info/gnd/4076329-8,_:bn10182459,https://isni.org/isni/0000000110216938
https://d-nb.info/gnd/116987367,"Ziegler, Friedrich W.",Dt. Dramatiker und Schauspieler,1759,1827-09-21,https://d-nb.info/gnd/4008065-1,https://d-nb.info/gnd/4076329-8,_:bn10182459,http://www.wikidata.org/entity/Q89747
https://d-nb.info/gnd/116987367,"Ziegler, Friedrich W.",Dt. Dramatiker und Schauspieler,1759,1827-09-21,https://d-nb.info/gnd/4008065-1,https://d-nb.info/gnd/4076329-8,_:bn10182459,http://id.loc.gov/rwo/agents/no92033578
https://d-nb.info/gnd/116989114,"Meddlhammer, Albin Johann Baptist von",,1777-08-26,1838-02-08,https://d-nb.info/gnd/4037446-4,https://d-nb.info/gnd/4005728-8,_:bn10182978,http://viaf.org/viaf/27836704
https://d-nb.info/gnd/116989114,"Meddlhammer, Albin Johann Baptist von",,1777-08-26,1838-02-08,https://d-nb.info/gnd/4037446-4,https://d-nb.info/gnd/4005728-8,_:bn10182978,http://www.wikidata.org/entity/Q781097
https://d-nb.info/gnd/116989114,"Meddlhammer, Albin Johann Baptist von",,1777-08-26,1838-02-08,https://d-nb.info/gnd/4037446-4,https://d-nb.info/gnd/4005728-8,_:bn10182978,https://isni.org/isni/0000000109619449
https://d-nb.info/gnd/117464406,"Vogel, Wilhelm",,1772-09-24,1843-03-15,https://d-nb.info/gnd/4037372-1,https://d-nb.info/gnd/4066009-6,_:bn10241681,http://id.loc.gov/rwo/agents/no2003115912
https://d-nb.info/gnd/117464406,"Vogel, Wilhelm",,1772-09-24,1843-03-15,https://d-nb.info/gnd/4037372-1,https://d-nb.info/gnd/4066009-6,_:bn10241681,http://viaf.org/viaf/32774667
https://d-nb.info/gnd/117464406,"Vogel, Wilhelm",,1772-09-24,1843-03-15,https://d-nb.info/gnd/4037372-1,https://d-nb.info/gnd/4066009-6,_:bn10241681,http://www.wikidata.org/entity/Q61971934
https://d-nb.info/gnd/117464406,"Vogel, Wilhelm",,1772-09-24,1843-03-15,https://d-nb.info/gnd/4037372-1,https://d-nb.info/gnd/4066009-6,_:bn10241681,https://isni.org/isni/0000000107794243
https://d-nb.info/gnd/117767360,"Bayard, Jean-François-Alfred",,1796-03-17,1853-02-20,https://d-nb.info/gnd/4315429-3,https://d-nb.info/gnd/4044660-8,_:bn702071,https://www.filmportal.de/EAA34FFBAF994FEA932F388ADB45CE9F
https://d-nb.info/gnd/117767360,"Bayard, Jean-François-Alfred",,1796-03-17,1853-02-20,https://d-nb.info/gnd/4315429-3,https://d-nb.info/gnd/4044660-8,_:bn702071,https://isni.org/isni/000000010855417X
https://d-nb.info/gnd/117767360,"Bayard, Jean-François-Alfred",,1796-03-17,1853-02-20,https://d-nb.info/gnd/4315429-3,https://d-nb.info/gnd/4044660-8,_:bn702071,http://viaf.org/viaf/14905216
https://d-nb.info/gnd/117767360,"Bayard, Jean-François-Alfred",,1796-03-17,1853-02-20,https://d-nb.info/gnd/4315429-3,https://d-nb.info/gnd/4044660-8,_:bn702071,http://id.loc.gov/rwo/agents/n82113981
https://d-nb.info/gnd/117767360,"Bayard, Jean-François-Alfred",,1796-03-17,1853-02-20,https://d-nb.info/gnd/4315429-3,https://d-nb.info/gnd/4044660-8,_:bn702071,http://www.wikidata.org/entity/Q2074119
https://d-nb.info/gnd/118507400,"Bauernfeld, Eduard von","Schrieb vor allem Lustspiele und Gesellschaftsstücke. 1882 Verleihung der Ehrenbürgerschaft der Stadt Wien, 1883 Verleihung des Ehrendoktorats der Universität Wien.",1802-01-03,1890-08-09,https://d-nb.info/gnd/4066009-6,https://d-nb.info/gnd/4066009-6,_:bn10303128,http://id.loc.gov/rwo/agents/n88661128
https://d-nb.info/gnd/118507400,"Bauernfeld, Eduard von","Schrieb vor allem Lustspiele und Gesellschaftsstücke. 1882 Verleihung der Ehrenbürgerschaft der Stadt Wien, 1883 Verleihung des Ehrendoktorats der Universität Wien.",1802-01-03,1890-08-09,https://d-nb.info/gnd/4066009-6,https://d-nb.info/gnd/4066009-6,_:bn10303128,http://viaf.org/viaf/34490567
https://d-nb.info/gnd/118507400,"Bauernfeld, Eduard von","Schrieb vor allem Lustspiele und Gesellschaftsstücke. 1882 Verleihung der Ehrenbürgerschaft der Stadt Wien, 1883 Verleihung des Ehrendoktorats der Universität Wien.",1802-01-03,1890-08-09,https://d-nb.info/gnd/4066009-6,https://d-nb.info/gnd/4066009-6,_:bn10303128,http://www.wikidata.org/entity/Q78865
https://d-nb.info/gnd/118507400,"Bauernfeld, Eduard von","Schrieb vor allem Lustspiele und Gesellschaftsstücke. 1882 Verleihung der Ehrenbürgerschaft der Stadt Wien, 1883 Verleihung des Ehrendoktorats der Universität Wien.",1802-01-03,1890-08-09,https://d-nb.info/gnd/4066009-6,https://d-nb.info/gnd/4066009-6,_:bn10303128,https://dbpedia.org/resource/Eduard_von_Bauernfeld
https://d-nb.info/gnd/118507400,"Bauernfeld, Eduard von","Schrieb vor allem Lustspiele und Gesellschaftsstücke. 1882 Verleihung der Ehrenbürgerschaft der Stadt Wien, 1883 Verleihung des Ehrendoktorats der Universität Wien.",1802-01-03,1890-08-09,https://d-nb.info/gnd/4066009-6,https://d-nb.info/gnd/4066009-6,_:bn10303128,https://isni.org/isni/0000000108863810
https://d-nb.info/gnd/118518399,"Calderón de la Barca, Pedro","1637 Ernennung zum Ritter des Santiago-Ordens, 1651 Priesterweihe, 1663 Ehrenkaplan",1600-01-17,1681-05-25,https://d-nb.info/gnd/4036862-2,https://d-nb.info/gnd/4036862-2,_:bn10314438,https://www.filmportal.de/E9228F6C7D4C4449B67CA5B6AC097562
https://d-nb.info/gnd/118518399,"Calderón de la Barca, Pedro","1637 Ernennung zum Ritter des Santiago-Ordens, 1651 Priesterweihe, 1663 Ehrenkaplan",1600-01-17,1681-05-25,https://d-nb.info/gnd/4036862-2,https://d-nb.info/gnd/4036862-2,_:bn10314438,https://isni.org/isni/0000000122818039
https://d-nb.info/gnd/118518399,"Calderón de la Barca, Pedro","1637 Ernennung zum Ritter des Santiago-Ordens, 1651 Priesterweihe, 1663 Ehrenkaplan",1600-01-17,1681-05-25,https://d-nb.info/gnd/4036862-2,https://d-nb.info/gnd/4036862-2,_:bn10314438,https://d-nb.info/gnd/187139474
https://d-nb.info/gnd/118518399,"Calderón de la Barca, Pedro","1637 Ernennung zum Ritter des Santiago-Ordens, 1651 Priesterweihe, 1663 Ehrenkaplan",1600-01-17,1681-05-25,https://d-nb.info/gnd/4036862-2,https://d-nb.info/gnd/4036862-2,_:bn10314438,http://www.wikidata.org/entity/Q170800
https://d-nb.info/gnd/118518399,"Calderón de la Barca, Pedro","1637 Ernennung zum Ritter des Santiago-Ordens, 1651 Priesterweihe, 1663 Ehrenkaplan",1600-01-17,1681-05-25,https://d-nb.info/gnd/4036862-2,https://d-nb.info/gnd/4036862-2,_:bn10314438,http://viaf.org/viaf/73850932
https://d-nb.info/gnd/118518399,"Calderón de la Barca, Pedro","1637 Ernennung zum Ritter des Santiago-Ordens, 1651 Priesterweihe, 1663 Ehrenkaplan",1600-01-17,1681-05-25,https://d-nb.info/gnd/4036862-2,https://d-nb.info/gnd/4036862-2,_:bn10314438,http://id.loc.gov/rwo/agents/n79040086
https://d-nb.info/gnd/118518399,"Calderón de la Barca, Pedro","1637 Ernennung zum Ritter des Santiago-Ordens, 1651 Priesterweihe, 1663 Ehrenkaplan",1600-01-17,1681-05-25,https://d-nb.info/gnd/4036862-2,https://d-nb.info/gnd/4036862-2,_:bn10314438,https://d-nb.info/gnd/156233649
https://d-nb.info/gnd/118528068,"Dumas, Alexandre",,1802-07-24,1870-12-05,https://d-nb.info/gnd/4378390-9,,_:bn10326219,https://isni.org/isni/0000000121012885
https://d-nb.info/gnd/118528068,"Dumas, Alexandre",,1802-07-24,1870-12-05,https://d-nb.info/gnd/4378390-9,,_:bn10326219,https://www.filmportal.de/60A85429407444DFB6621A9F4582884B
https://d-nb.info/gnd/118528068,"Dumas, Alexandre",,1802-07-24,1870-12-05,https://d-nb.info/gnd/4378390-9,,_:bn10326219,https://dbpedia.org/resource/Alexandre_Dumas
https://d-nb.info/gnd/118528068,"Dumas, Alexandre",,1802-07-24,1870-12-05,https://d-nb.info/gnd/4378390-9,,_:bn10326219,https://d-nb.info/gnd/160654017
https://d-nb.info/gnd/118528068,"Dumas, Alexandre",,1802-07-24,1870-12-05,https://d-nb.info/gnd/4378390-9,,_:bn10326219,http://www.wikidata.org/entity/Q38337
https://d-nb.info/gnd/118528068,"Dumas, Alexandre",,1802-07-24,1870-12-05,https://d-nb.info/gnd/4378390-9,,_:bn10326219,http://viaf.org/viaf/51688902
https://d-nb.info/gnd/118528068,"Dumas, Alexandre",,1802-07-24,1870-12-05,https://d-nb.info/gnd/4378390-9,,_:bn10326219,http://id.loc.gov/rwo/agents/n79042162
https://d-nb.info/gnd/118540238,"Goethe, Johann Wolfgang von","Staatsmann, Geheimrat",1749-08-28,1832-03-22,https://d-nb.info/gnd/4018118-2,https://d-nb.info/gnd/4065105-8,_:bn10340232,https://www.filmportal.de/CCBAA3CEF5654B98AD772651F9023DE6
https://d-nb.info/gnd/118540238,"Goethe, Johann Wolfgang von","Staatsmann, Geheimrat",1749-08-28,1832-03-22,https://d-nb.info/gnd/4018118-2,https://d-nb.info/gnd/4065105-8,_:bn10340232,https://isni.org/isni/0000000120999104
https://d-nb.info/gnd/118540238,"Goethe, Johann Wolfgang von","Staatsmann, Geheimrat",1749-08-28,1832-03-22,https://d-nb.info/gnd/4018118-2,https://d-nb.info/gnd/4065105-8,_:bn10340232,https://dbpedia.org/resource/Johann_Wolfgang_von_Goethe
https://d-nb.info/gnd/118540238,"Goethe, Johann Wolfgang von","Staatsmann, Geheimrat",1749-08-28,1832-03-22,https://d-nb.info/gnd/4018118-2,https://d-nb.info/gnd/4065105-8,_:bn10340232,https://d-nb.info/gnd/185848826
https://d-nb.info/gnd/118540238,"Goethe, Johann Wolfgang von","Staatsmann, Geheimrat",1749-08-28,1832-03-22,https://d-nb.info/gnd/4018118-2,https://d-nb.info/gnd/4065105-8,_:bn10340232,https://d-nb.info/gnd/185808069
https://d-nb.info/gnd/118540238,"Goethe, Johann Wolfgang von","Staatsmann, Geheimrat",1749-08-28,1832-03-22,https://d-nb.info/gnd/4018118-2,https://d-nb.info/gnd/4065105-8,_:bn10340232,https://d-nb.info/gnd/1131918517
https://d-nb.info/gnd/118540238,"Goethe, Johann Wolfgang von","Staatsmann, Geheimrat",1749-08-28,1832-03-22,https://d-nb.info/gnd/4018118-2,https://d-nb.info/gnd/4065105-8,_:bn10340232,https://d-nb.info/gnd/1095607278
https://d-nb.info/gnd/118540238,"Goethe, Johann Wolfgang von","Staatsmann, Geheimrat",1749-08-28,1832-03-22,https://d-nb.info/gnd/4018118-2,https://d-nb.info/gnd/4065105-8,_:bn10340232,https://d-nb.info/gnd/1022736213
https://d-nb.info/gnd/118540238,"Goethe, Johann Wolfgang von","Staatsmann, Geheimrat",1749-08-28,1832-03-22,https://d-nb.info/gnd/4018118-2,https://d-nb.info/gnd/4065105-8,_:bn10340232,https://d-nb.info/gnd/1014927390
https://d-nb.info/gnd/118540238,"Goethe, Johann Wolfgang von","Staatsmann, Geheimrat",1749-08-28,1832-03-22,https://d-nb.info/gnd/4018118-2,https://d-nb.info/gnd/4065105-8,_:bn10340232,https://d-nb.info/gnd/101488358X
https://d-nb.info/gnd/118540238,"Goethe, Johann Wolfgang von","Staatsmann, Geheimrat",1749-08-28,1832-03-22,https://d-nb.info/gnd/4018118-2,https://d-nb.info/gnd/4065105-8,_:bn10340232,http://www.wikidata.org/entity/Q5879
https://d-nb.info/gnd/118540238,"Goethe, Johann Wolfgang von","Staatsmann, Geheimrat",1749-08-28,1832-03-22,https://d-nb.info/gnd/4018118-2,https://d-nb.info/gnd/4065105-8,_:bn10340232,http://viaf.org/viaf/24602065
https://d-nb.info/gnd/118540238,"Goethe, Johann Wolfgang von","Staatsmann, Geheimrat",1749-08-28,1832-03-22,https://d-nb.info/gnd/4018118-2,https://d-nb.info/gnd/4065105-8,_:bn10340232,http://id.loc.gov/rwo/agents/n79003362
https://d-nb.info/gnd/118540238,"Goethe, Johann Wolfgang von","Staatsmann, Geheimrat",1749-08-28,1832-03-22,https://d-nb.info/gnd/4018118-2,https://d-nb.info/gnd/4065105-8,_:bn10340232,https://d-nb.info/gnd/1032060956
https://d-nb.info/gnd/118555324,"Iffland, August Wilhelm",,1759-04-19,1814-09-22,https://d-nb.info/gnd/4023349-2,https://d-nb.info/gnd/4005728-8,_:bn731442,http://id.loc.gov/rwo/agents/n82220062
https://d-nb.info/gnd/118555324,"Iffland, August Wilhelm",,1759-04-19,1814-09-22,https://d-nb.info/gnd/4023349-2,https://d-nb.info/gnd/4005728-8,_:bn731442,http://viaf.org/viaf/166145858027523021988
https://d-nb.info/gnd/118555324,"Iffland, August Wilhelm",,1759-04-19,1814-09-22,https://d-nb.info/gnd/4023349-2,https://d-nb.info/gnd/4005728-8,_:bn731442,http://www.wikidata.org/entity/Q215115
https://d-nb.info/gnd/118555324,"Iffland, August Wilhelm",,1759-04-19,1814-09-22,https://d-nb.info/gnd/4023349-2,https://d-nb.info/gnd/4005728-8,_:bn731442,https://dbpedia.org/resource/August_Wilhelm_Iffland
https://d-nb.info/gnd/118555324,"Iffland, August Wilhelm",,1759-04-19,1814-09-22,https://d-nb.info/gnd/4023349-2,https://d-nb.info/gnd/4005728-8,_:bn731442,https://isni.org/isni/0000000109108198
https://d-nb.info/gnd/118565796,"Kotzebue, August von","1800 als polit. verdächtig nach Sibirien verbannt, nach 4 Monaten jedoch begnadigt; wurde von Karl Ludwig Sand 1819 in Mannheim erdolcht",1761-05-03,1819-03-23,https://d-nb.info/gnd/4065105-8,https://d-nb.info/gnd/4037372-1,_:bn10354121,https://d-nb.info/gnd/127428933
https://d-nb.info/gnd/118565796,"Kotzebue, August von","1800 als polit. verdächtig nach Sibirien verbannt, nach 4 Monaten jedoch begnadigt; wurde von Karl Ludwig Sand 1819 in Mannheim erdolcht",1761-05-03,1819-03-23,https://d-nb.info/gnd/4065105-8,https://d-nb.info/gnd/4037372-1,_:bn10354121,https://isni.org/isni/0000000080764115
https://d-nb.info/gnd/118565796,"Kotzebue, August von","1800 als polit. verdächtig nach Sibirien verbannt, nach 4 Monaten jedoch begnadigt; wurde von Karl Ludwig Sand 1819 in Mannheim erdolcht",1761-05-03,1819-03-23,https://d-nb.info/gnd/4065105-8,https://d-nb.info/gnd/4037372-1,_:bn10354121,https://dbpedia.org/resource/August_von_Kotzebue
https://d-nb.info/gnd/118565796,"Kotzebue, August von","1800 als polit. verdächtig nach Sibirien verbannt, nach 4 Monaten jedoch begnadigt; wurde von Karl Ludwig Sand 1819 in Mannheim erdolcht",1761-05-03,1819-03-23,https://d-nb.info/gnd/4065105-8,https://d-nb.info/gnd/4037372-1,_:bn10354121,https://d-nb.info/gnd/16018598X
https://d-nb.info/gnd/118565796,"Kotzebue, August von","1800 als polit. verdächtig nach Sibirien verbannt, nach 4 Monaten jedoch begnadigt; wurde von Karl Ludwig Sand 1819 in Mannheim erdolcht",1761-05-03,1819-03-23,https://d-nb.info/gnd/4065105-8,https://d-nb.info/gnd/4037372-1,_:bn10354121,http://www.wikidata.org/entity/Q57242
https://d-nb.info/gnd/118565796,"Kotzebue, August von","1800 als polit. verdächtig nach Sibirien verbannt, nach 4 Monaten jedoch begnadigt; wurde von Karl Ludwig Sand 1819 in Mannheim erdolcht",1761-05-03,1819-03-23,https://d-nb.info/gnd/4065105-8,https://d-nb.info/gnd/4037372-1,_:bn10354121,http://viaf.org/viaf/14771963
https://d-nb.info/gnd/118565796,"Kotzebue, August von","1800 als polit. verdächtig nach Sibirien verbannt, nach 4 Monaten jedoch begnadigt; wurde von Karl Ludwig Sand 1819 in Mannheim erdolcht",1761-05-03,1819-03-23,https://d-nb.info/gnd/4065105-8,https://d-nb.info/gnd/4037372-1,_:bn10354121,http://id.loc.gov/rwo/agents/n50000570
https://d-nb.info/gnd/118574469,"Lortzing, Albert",,1801-10-23,1851-01-21,https://d-nb.info/gnd/4005728-8,https://d-nb.info/gnd/4005728-8,_:bn10361947,http://id.loc.gov/rwo/agents/n83132693
https://d-nb.info/gnd/118574469,"Lortzing, Albert",,1801-10-23,1851-01-21,https://d-nb.info/gnd/4005728-8,https://d-nb.info/gnd/4005728-8,_:bn10361947,http://viaf.org/viaf/24787785
https://d-nb.info/gnd/118574469,"Lortzing, Albert",,1801-10-23,1851-01-21,https://d-nb.info/gnd/4005728-8,https://d-nb.info/gnd/4005728-8,_:bn10361947,http://www.wikidata.org/entity/Q154203
https://d-nb.info/gnd/118574469,"Lortzing, Albert",,1801-10-23,1851-01-21,https://d-nb.info/gnd/4005728-8,https://d-nb.info/gnd/4005728-8,_:bn10361947,https://d-nb.info/gnd/1325002666
https://d-nb.info/gnd/118574469,"Lortzing, Albert",,1801-10-23,1851-01-21,https://d-nb.info/gnd/4005728-8,https://d-nb.info/gnd/4005728-8,_:bn10361947,https://dbpedia.org/resource/Albert_Lortzing
https://d-nb.info/gnd/118574469,"Lortzing, Albert",,1801-10-23,1851-01-21,https://d-nb.info/gnd/4005728-8,https://d-nb.info/gnd/4005728-8,_:bn10361947,https://isni.org/isni/0000000121247377
https://d-nb.info/gnd/118574469,"Lortzing, Albert",,1801-10-23,1851-01-21,https://d-nb.info/gnd/4005728-8,https://d-nb.info/gnd/4005728-8,_:bn10361947,https://www.filmportal.de/6810FCECD37B49C59B40623A1DF23DAE
https://d-nb.info/gnd/118607626,"Schiller, Friedrich",1789 Professor für Geschichte in Jena; 1802 nobilitiert,1759-11-10,1805-05-09,https://d-nb.info/gnd/4037443-9,https://d-nb.info/gnd/4065105-8,_:bn10384956,https://d-nb.info/gnd/189458372
https://d-nb.info/gnd/118607626,"Schiller, Friedrich",1789 Professor für Geschichte in Jena; 1802 nobilitiert,1759-11-10,1805-05-09,https://d-nb.info/gnd/4037443-9,https://d-nb.info/gnd/4065105-8,_:bn10384956,https://www.filmportal.de/76DC042C1C20404EB780B3BA8A3B1BA7
https://d-nb.info/gnd/118607626,"Schiller, Friedrich",1789 Professor für Geschichte in Jena; 1802 nobilitiert,1759-11-10,1805-05-09,https://d-nb.info/gnd/4037443-9,https://d-nb.info/gnd/4065105-8,_:bn10384956,https://isni.org/isni/0000000121032691
https://d-nb.info/gnd/118607626,"Schiller, Friedrich",1789 Professor für Geschichte in Jena; 1802 nobilitiert,1759-11-10,1805-05-09,https://d-nb.info/gnd/4037443-9,https://d-nb.info/gnd/4065105-8,_:bn10384956,https://dbpedia.org/resource/Friedrich_Schiller
https://d-nb.info/gnd/118607626,"Schiller, Friedrich",1789 Professor für Geschichte in Jena; 1802 nobilitiert,1759-11-10,1805-05-09,https://d-nb.info/gnd/4037443-9,https://d-nb.info/gnd/4065105-8,_:bn10384956,https://d-nb.info/gnd/174166745
https://d-nb.info/gnd/118607626,"Schiller, Friedrich",1789 Professor für Geschichte in Jena; 1802 nobilitiert,1759-11-10,1805-05-09,https://d-nb.info/gnd/4037443-9,https://d-nb.info/gnd/4065105-8,_:bn10384956,https://d-nb.info/gnd/159164559
https://d-nb.info/gnd/118607626,"Schiller, Friedrich",1789 Professor für Geschichte in Jena; 1802 nobilitiert,1759-11-10,1805-05-09,https://d-nb.info/gnd/4037443-9,https://d-nb.info/gnd/4065105-8,_:bn10384956,http://id.loc.gov/rwo/agents/n79111538
https://d-nb.info/gnd/118607626,"Schiller, Friedrich",1789 Professor für Geschichte in Jena; 1802 nobilitiert,1759-11-10,1805-05-09,https://d-nb.info/gnd/4037443-9,https://d-nb.info/gnd/4065105-8,_:bn10384956,https://d-nb.info/gnd/1025671430
https://d-nb.info/gnd/118607626,"Schiller, Friedrich",1789 Professor für Geschichte in Jena; 1802 nobilitiert,1759-11-10,1805-05-09,https://d-nb.info/gnd/4037443-9,https://d-nb.info/gnd/4065105-8,_:bn10384956,http://www.wikidata.org/entity/Q22670
https://d-nb.info/gnd/118607626,"Schiller, Friedrich",1789 Professor für Geschichte in Jena; 1802 nobilitiert,1759-11-10,1805-05-09,https://d-nb.info/gnd/4037443-9,https://d-nb.info/gnd/4065105-8,_:bn10384956,http://viaf.org/viaf/96994450
https://d-nb.info/gnd/118607626,"Schiller, Friedrich",1789 Professor für Geschichte in Jena; 1802 nobilitiert,1759-11-10,1805-05-09,https://d-nb.info/gnd/4037443-9,https://d-nb.info/gnd/4065105-8,_:bn10384956,https://d-nb.info/gnd/17404092X
https://d-nb.info/gnd/118610813,"Schröder, Friedrich Ludwig",,1744-11-03,1816-09-03,https://d-nb.info/gnd/4053950-7,https://d-nb.info/gnd/4049432-9,_:bn10387553,http://id.loc.gov/rwo/agents/n83013978
https://d-nb.info/gnd/118610813,"Schröder, Friedrich Ludwig",,1744-11-03,1816-09-03,https://d-nb.info/gnd/4053950-7,https://d-nb.info/gnd/4049432-9,_:bn10387553,http://viaf.org/viaf/59210456
https://d-nb.info/gnd/118610813,"Schröder, Friedrich Ludwig",,1744-11-03,1816-09-03,https://d-nb.info/gnd/4053950-7,https://d-nb.info/gnd/4049432-9,_:bn10387553,http://www.wikidata.org/entity/Q213877
https://d-nb.info/gnd/118610813,"Schröder, Friedrich Ludwig",,1744-11-03,1816-09-03,https://d-nb.info/gnd/4053950-7,https://d-nb.info/gnd/4049432-9,_:bn10387553,https://d-nb.info/gnd/1035138891
https://d-nb.info/gnd/118610813,"Schröder, Friedrich Ludwig",,1744-11-03,1816-09-03,https://d-nb.info/gnd/4053950-7,https://d-nb.info/gnd/4049432-9,_:bn10387553,https://dbpedia.org/resource/Friedrich_Ludwig_Schr%C3%B6der
https://d-nb.info/gnd/118610813,"Schröder, Friedrich Ludwig",,1744-11-03,1816-09-03,https://d-nb.info/gnd/4053950-7,https://d-nb.info/gnd/4049432-9,_:bn10387553,https://isni.org/isni/0000000108578761
https://d-nb.info/gnd/118612425,"Scribe, Eugène",,1791-12-24,1861-02-20,https://d-nb.info/gnd/4044660-8,https://d-nb.info/gnd/4044660-8,_:bn10388847,https://www.filmportal.de/C20A250F9A16454884E4675CC42D318A
https://d-nb.info/gnd/118612425,"Scribe, Eugène",,1791-12-24,1861-02-20,https://d-nb.info/gnd/4044660-8,https://d-nb.info/gnd/4044660-8,_:bn10388847,https://isni.org/isni/000000012122970X
https://d-nb.info/gnd/118612425,"Scribe, Eugène",,1791-12-24,1861-02-20,https://d-nb.info/gnd/4044660-8,https://d-nb.info/gnd/4044660-8,_:bn10388847,https://dbpedia.org/resource/Eug%C3%A8ne_Scribe
https://d-nb.info/gnd/118612425,"Scribe, Eugène",,1791-12-24,1861-02-20,https://d-nb.info/gnd/4044660-8,https://d-nb.info/gnd/4044660-8,_:bn10388847,http://viaf.org/viaf/19684263
https://d-nb.info/gnd/118612425,"Scribe, Eugène",,1791-12-24,1861-02-20,https://d-nb.info/gnd/4044660-8,https://d-nb.info/gnd/4044660-8,_:bn10388847,http://id.loc.gov/rwo/agents/n79004209
https://d-nb.info/gnd/118612425,"Scribe, Eugène",,1791-12-24,1861-02-20,https://d-nb.info/gnd/4044660-8,https://d-nb.info/gnd/4044660-8,_:bn10388847,http://www.wikidata.org/entity/Q319261
https://d-nb.info/gnd/118613723,"Shakespeare, William",Engl. Dichter und Dramatiker,1564-04-23,1616-04-23,https://d-nb.info/gnd/4118849-4,https://d-nb.info/gnd/4118849-4,_:bn10390203,http://id.loc.gov/rwo/agents/n78095332
https://d-nb.info/gnd/118613723,"Shakespeare, William",Engl. Dichter und Dramatiker,1564-04-23,1616-04-23,https://d-nb.info/gnd/4118849-4,https://d-nb.info/gnd/4118849-4,_:bn10390203,http://viaf.org/viaf/96994048
https://d-nb.info/gnd/118613723,"Shakespeare, William",Engl. Dichter und Dramatiker,1564-04-23,1616-04-23,https://d-nb.info/gnd/4118849-4,https://d-nb.info/gnd/4118849-4,_:bn10390203,http://www.wikidata.org/entity/Q692
https://d-nb.info/gnd/118613723,"Shakespeare, William",Engl. Dichter und Dramatiker,1564-04-23,1616-04-23,https://d-nb.info/gnd/4118849-4,https://d-nb.info/gnd/4118849-4,_:bn10390203,https://d-nb.info/gnd/1084293315
https://d-nb.info/gnd/118613723,"Shakespeare, William",Engl. Dichter und Dramatiker,1564-04-23,1616-04-23,https://d-nb.info/gnd/4118849-4,https://d-nb.info/gnd/4118849-4,_:bn10390203,https://dbpedia.org/resource/William_Shakespeare
https://d-nb.info/gnd/118613723,"Shakespeare, William",Engl. Dichter und Dramatiker,1564-04-23,1616-04-23,https://d-nb.info/gnd/4118849-4,https://d-nb.info/gnd/4118849-4,_:bn10390203,https://isni.org/isni/0000000121032683
https://d-nb.info/gnd/118613723,"Shakespeare, William",Engl. Dichter und Dramatiker,1564-04-23,1616-04-23,https://d-nb.info/gnd/4118849-4,https://d-nb.info/gnd/4118849-4,_:bn10390203,https://www.filmportal.de/373EB60430C64F72A002FCE502B99BD6
https://d-nb.info/gnd/118633716,"Hell, Theodor","Opernregisseur, Kritiker; russ. und sächischer Hofrat, Intendanzrat, Vizedirektor von Hoftheater und Hofkapelle, geheimer Archivsekretär; Hrsg. der ""Abendzeitung"" 1817-1843",1775-02-09,1856-09-23,,https://d-nb.info/gnd/4012995-0,_:bn761634,http://id.loc.gov/rwo/agents/n89621564
https://d-nb.info/gnd/118633716,"Hell, Theodor","Opernregisseur, Kritiker; russ. und sächischer Hofrat, Intendanzrat, Vizedirektor von Hoftheater und Hofkapelle, geheimer Archivsekretär; Hrsg. der ""Abendzeitung"" 1817-1843",1775-02-09,1856-09-23,,https://d-nb.info/gnd/4012995-0,_:bn761634,https://isni.org/isni/0000000110267364
https://d-nb.info/gnd/118633716,"Hell, Theodor","Opernregisseur, Kritiker; russ. und sächischer Hofrat, Intendanzrat, Vizedirektor von Hoftheater und Hofkapelle, geheimer Archivsekretär; Hrsg. der ""Abendzeitung"" 1817-1843",1775-02-09,1856-09-23,,https://d-nb.info/gnd/4012995-0,_:bn761634,https://dbpedia.org/resource/Theodor_Hell
https://d-nb.info/gnd/118633716,"Hell, Theodor","Opernregisseur, Kritiker; russ. und sächischer Hofrat, Intendanzrat, Vizedirektor von Hoftheater und Hofkapelle, geheimer Archivsekretär; Hrsg. der ""Abendzeitung"" 1817-1843",1775-02-09,1856-09-23,,https://d-nb.info/gnd/4012995-0,_:bn761634,https://d-nb.info/gnd/173282717
https://d-nb.info/gnd/118633716,"Hell, Theodor","Opernregisseur, Kritiker; russ. und sächischer Hofrat, Intendanzrat, Vizedirektor von Hoftheater und Hofkapelle, geheimer Archivsekretär; Hrsg. der ""Abendzeitung"" 1817-1843",1775-02-09,1856-09-23,,https://d-nb.info/gnd/4012995-0,_:bn761634,http://www.wikidata.org/entity/Q215439
https://d-nb.info/gnd/118633716,"Hell, Theodor","Opernregisseur, Kritiker; russ. und sächischer Hofrat, Intendanzrat, Vizedirektor von Hoftheater und Hofkapelle, geheimer Archivsekretär; Hrsg. der ""Abendzeitung"" 1817-1843",1775-02-09,1856-09-23,,https://d-nb.info/gnd/4012995-0,_:bn761634,http://viaf.org/viaf/51789700
https://d-nb.info/gnd/118646192,"Auber, Daniel-François-Esprit",,1782-01-29,1871-05-13,https://d-nb.info/gnd/4009282-3,https://d-nb.info/gnd/4044660-8,_:bn10414670,https://www.filmportal.de/3FEFBAB3F62345E1A030B3923B527E60
https://d-nb.info/gnd/118646192,"Auber, Daniel-François-Esprit",,1782-01-29,1871-05-13,https://d-nb.info/gnd/4009282-3,https://d-nb.info/gnd/4044660-8,_:bn10414670,http://viaf.org/viaf/7573044
https://d-nb.info/gnd/118646192,"Auber, Daniel-François-Esprit",,1782-01-29,1871-05-13,https://d-nb.info/gnd/4009282-3,https://d-nb.info/gnd/4044660-8,_:bn10414670,https://isni.org/isni/0000000121195909
https://d-nb.info/gnd/118646192,"Auber, Daniel-François-Esprit",,1782-01-29,1871-05-13,https://d-nb.info/gnd/4009282-3,https://d-nb.info/gnd/4044660-8,_:bn10414670,https://dbpedia.org/resource/Daniel_Auber
https://d-nb.info/gnd/118646192,"Auber, Daniel-François-Esprit",,1782-01-29,1871-05-13,https://d-nb.info/gnd/4009282-3,https://d-nb.info/gnd/4044660-8,_:bn10414670,https://d-nb.info/gnd/1025621565
https://d-nb.info/gnd/118646192,"Auber, Daniel-François-Esprit",,1782-01-29,1871-05-13,https://d-nb.info/gnd/4009282-3,https://d-nb.info/gnd/4044660-8,_:bn10414670,http://www.wikidata.org/entity/Q157672
https://d-nb.info/gnd/118646192,"Auber, Daniel-François-Esprit",,1782-01-29,1871-05-13,https://d-nb.info/gnd/4009282-3,https://d-nb.info/gnd/4044660-8,_:bn10414670,http://id.loc.gov/rwo/agents/n80079937
https://d-nb.info/gnd/118646192,"Auber, Daniel-François-Esprit",,1782-01-29,1871-05-13,https://d-nb.info/gnd/4009282-3,https://d-nb.info/gnd/4044660-8,_:bn10414670,https://d-nb.info/gnd/182850455
https://d-nb.info/gnd/118658166,"Benedix, Roderich","Dt. Bühnenschriftsteller; Theaterleiter bzw. -direktor, Schriftsteller",1811-01-21,1873-09-26,https://d-nb.info/gnd/4035206-7,https://d-nb.info/gnd/4035206-7,_:bn774951,http://id.loc.gov/rwo/agents/n82102584
https://d-nb.info/gnd/118658166,"Benedix, Roderich","Dt. Bühnenschriftsteller; Theaterleiter bzw. -direktor, Schriftsteller",1811-01-21,1873-09-26,https://d-nb.info/gnd/4035206-7,https://d-nb.info/gnd/4035206-7,_:bn774951,http://viaf.org/viaf/46901666
https://d-nb.info/gnd/118658166,"Benedix, Roderich","Dt. Bühnenschriftsteller; Theaterleiter bzw. -direktor, Schriftsteller",1811-01-21,1873-09-26,https://d-nb.info/gnd/4035206-7,https://d-nb.info/gnd/4035206-7,_:bn774951,http://www.wikidata.org/entity/Q87176
https://d-nb.info/gnd/118658166,"Benedix, Roderich","Dt. Bühnenschriftsteller; Theaterleiter bzw. -direktor, Schriftsteller",1811-01-21,1873-09-26,https://d-nb.info/gnd/4035206-7,https://d-nb.info/gnd/4035206-7,_:bn774951,https://d-nb.info/gnd/1081037873
https://d-nb.info/gnd/118658166,"Benedix, Roderich","Dt. Bühnenschriftsteller; Theaterleiter bzw. -direktor, Schriftsteller",1811-01-21,1873-09-26,https://d-nb.info/gnd/4035206-7,https://d-nb.info/gnd/4035206-7,_:bn774951,https://d-nb.info/gnd/137161042
https://d-nb.info/gnd/118658166,"Benedix, Roderich","Dt. Bühnenschriftsteller; Theaterleiter bzw. -direktor, Schriftsteller",1811-01-21,1873-09-26,https://d-nb.info/gnd/4035206-7,https://d-nb.info/gnd/4035206-7,_:bn774951,https://dbpedia.org/resource/Roderich_Benedix
https://d-nb.info/gnd/118658166,"Benedix, Roderich","Dt. Bühnenschriftsteller; Theaterleiter bzw. -direktor, Schriftsteller",1811-01-21,1873-09-26,https://d-nb.info/gnd/4035206-7,https://d-nb.info/gnd/4035206-7,_:bn774951,https://isni.org/isni/0000000083796251
https://d-nb.info/gnd/118658166,"Benedix, Roderich","Dt. Bühnenschriftsteller; Theaterleiter bzw. -direktor, Schriftsteller",1811-01-21,1873-09-26,https://d-nb.info/gnd/4035206-7,https://d-nb.info/gnd/4035206-7,_:bn774951,https://www.filmportal.de/38853D2F3BD84379890829AF6AFEF2BD
https://d-nb.info/gnd/118658875,"Birch-Pfeiffer, Charlotte",,1800-06-23,1868-08-25,https://d-nb.info/gnd/4058282-6,https://d-nb.info/gnd/4005728-8,_:bn775492,http://viaf.org/viaf/69723175
https://d-nb.info/gnd/118658875,"Birch-Pfeiffer, Charlotte",,1800-06-23,1868-08-25,https://d-nb.info/gnd/4058282-6,https://d-nb.info/gnd/4005728-8,_:bn775492,https://www.filmportal.de/8A7CA0AA022648C9973E256D15FFB84F
https://d-nb.info/gnd/118658875,"Birch-Pfeiffer, Charlotte",,1800-06-23,1868-08-25,https://d-nb.info/gnd/4058282-6,https://d-nb.info/gnd/4005728-8,_:bn775492,https://isni.org/isni/000000010984534X
https://d-nb.info/gnd/118658875,"Birch-Pfeiffer, Charlotte",,1800-06-23,1868-08-25,https://d-nb.info/gnd/4058282-6,https://d-nb.info/gnd/4005728-8,_:bn775492,https://dbpedia.org/resource/Charlotte_Birch-Pfeiffer
https://d-nb.info/gnd/118658875,"Birch-Pfeiffer, Charlotte",,1800-06-23,1868-08-25,https://d-nb.info/gnd/4058282-6,https://d-nb.info/gnd/4005728-8,_:bn775492,http://www.wikidata.org/entity/Q68117
https://d-nb.info/gnd/118658875,"Birch-Pfeiffer, Charlotte",,1800-06-23,1868-08-25,https://d-nb.info/gnd/4058282-6,https://d-nb.info/gnd/4005728-8,_:bn775492,http://id.loc.gov/rwo/agents/no90007631
https://d-nb.info/gnd/118667424,"Castelli, Ignaz Franz",,1781-03-06,1862-02-05,https://d-nb.info/gnd/4066009-6,https://d-nb.info/gnd/4066009-6,_:bn782448,http://id.loc.gov/rwo/agents/n80094176
https://d-nb.info/gnd/118667424,"Castelli, Ignaz Franz",,1781-03-06,1862-02-05,https://d-nb.info/gnd/4066009-6,https://d-nb.info/gnd/4066009-6,_:bn782448,http://viaf.org/viaf/73886965
https://d-nb.info/gnd/118667424,"Castelli, Ignaz Franz",,1781-03-06,1862-02-05,https://d-nb.info/gnd/4066009-6,https://d-nb.info/gnd/4066009-6,_:bn782448,http://www.wikidata.org/entity/Q78813
https://d-nb.info/gnd/118667424,"Castelli, Ignaz Franz",,1781-03-06,1862-02-05,https://d-nb.info/gnd/4066009-6,https://d-nb.info/gnd/4066009-6,_:bn782448,https://d-nb.info/gnd/1204095922
https://d-nb.info/gnd/118667424,"Castelli, Ignaz Franz",,1781-03-06,1862-02-05,https://d-nb.info/gnd/4066009-6,https://d-nb.info/gnd/4066009-6,_:bn782448,https://dbpedia.org/resource/Ignaz_Franz_Castelli
https://d-nb.info/gnd/118667424,"Castelli, Ignaz Franz",,1781-03-06,1862-02-05,https://d-nb.info/gnd/4066009-6,https://d-nb.info/gnd/4066009-6,_:bn782448,https://isni.org/isni/0000000081535402
https://d-nb.info/gnd/118706640,"Holtei, Karl von",1825-1834 Theaterdichter und Regisseur am Königstädtischen Theater in Berlin; 1837-1839 Theaterdirektor in Riga; später in Grafenort und Breslau,1798-01-24,1880-02-12,https://d-nb.info/gnd/4008216-7,https://d-nb.info/gnd/4008216-7,_:bn804511,https://isni.org/isni/0000000110783692
https://d-nb.info/gnd/118706640,"Holtei, Karl von",1825-1834 Theaterdichter und Regisseur am Königstädtischen Theater in Berlin; 1837-1839 Theaterdirektor in Riga; später in Grafenort und Breslau,1798-01-24,1880-02-12,https://d-nb.info/gnd/4008216-7,https://d-nb.info/gnd/4008216-7,_:bn804511,https://dbpedia.org/resource/Karl_Eduard_von_Holtei
https://d-nb.info/gnd/118706640,"Holtei, Karl von",1825-1834 Theaterdichter und Regisseur am Königstädtischen Theater in Berlin; 1837-1839 Theaterdirektor in Riga; später in Grafenort und Breslau,1798-01-24,1880-02-12,https://d-nb.info/gnd/4008216-7,https://d-nb.info/gnd/4008216-7,_:bn804511,https://d-nb.info/gnd/16072550X
https://d-nb.info/gnd/118706640,"Holtei, Karl von",1825-1834 Theaterdichter und Regisseur am Königstädtischen Theater in Berlin; 1837-1839 Theaterdirektor in Riga; später in Grafenort und Breslau,1798-01-24,1880-02-12,https://d-nb.info/gnd/4008216-7,https://d-nb.info/gnd/4008216-7,_:bn804511,http://www.wikidata.org/entity/Q66388
https://d-nb.info/gnd/118706640,"Holtei, Karl von",1825-1834 Theaterdichter und Regisseur am Königstädtischen Theater in Berlin; 1837-1839 Theaterdirektor in Riga; später in Grafenort und Breslau,1798-01-24,1880-02-12,https://d-nb.info/gnd/4008216-7,https://d-nb.info/gnd/4008216-7,_:bn804511,http://viaf.org/viaf/95190697
https://d-nb.info/gnd/118706640,"Holtei, Karl von",1825-1834 Theaterdichter und Regisseur am Königstädtischen Theater in Berlin; 1837-1839 Theaterdirektor in Riga; später in Grafenort und Breslau,1798-01-24,1880-02-12,https://d-nb.info/gnd/4008216-7,https://d-nb.info/gnd/4008216-7,_:bn804511,http://id.loc.gov/rwo/agents/n85311125
https://d-nb.info/gnd/118706640,"Holtei, Karl von",1825-1834 Theaterdichter und Regisseur am Königstädtischen Theater in Berlin; 1837-1839 Theaterdirektor in Riga; später in Grafenort und Breslau,1798-01-24,1880-02-12,https://d-nb.info/gnd/4008216-7,https://d-nb.info/gnd/4008216-7,_:bn804511,https://d-nb.info/gnd/103788034X
https://d-nb.info/gnd/118713507,"Körner, Theodor","1813: Beitritt zum Lützowschen Freikorps, gefallen im Forst Rosenow (Nordwestmecklenburg) im Kampf gegen die Napoleonische Armee",1791-09-23,1813-08-26,https://d-nb.info/gnd/4012995-0,https://d-nb.info/gnd/7621837-5,_:bn811133,https://www.filmportal.de/F67EA7FCCDFA42AC850F4E308DC52393
https://d-nb.info/gnd/118713507,"Körner, Theodor","1813: Beitritt zum Lützowschen Freikorps, gefallen im Forst Rosenow (Nordwestmecklenburg) im Kampf gegen die Napoleonische Armee",1791-09-23,1813-08-26,https://d-nb.info/gnd/4012995-0,https://d-nb.info/gnd/7621837-5,_:bn811133,https://isni.org/isni/0000000110266804
https://d-nb.info/gnd/118713507,"Körner, Theodor","1813: Beitritt zum Lützowschen Freikorps, gefallen im Forst Rosenow (Nordwestmecklenburg) im Kampf gegen die Napoleonische Armee",1791-09-23,1813-08-26,https://d-nb.info/gnd/4012995-0,https://d-nb.info/gnd/7621837-5,_:bn811133,https://dbpedia.org/resource/Theodor_K%C3%B6rner_(author)
https://d-nb.info/gnd/118713507,"Körner, Theodor","1813: Beitritt zum Lützowschen Freikorps, gefallen im Forst Rosenow (Nordwestmecklenburg) im Kampf gegen die Napoleonische Armee",1791-09-23,1813-08-26,https://d-nb.info/gnd/4012995-0,https://d-nb.info/gnd/7621837-5,_:bn811133,https://d-nb.info/gnd/1325002399
https://d-nb.info/gnd/118713507,"Körner, Theodor","1813: Beitritt zum Lützowschen Freikorps, gefallen im Forst Rosenow (Nordwestmecklenburg) im Kampf gegen die Napoleonische Armee",1791-09-23,1813-08-26,https://d-nb.info/gnd/4012995-0,https://d-nb.info/gnd/7621837-5,_:bn811133,http://www.wikidata.org/entity/Q62344
https://d-nb.info/gnd/118713507,"Körner, Theodor","1813: Beitritt zum Lützowschen Freikorps, gefallen im Forst Rosenow (Nordwestmecklenburg) im Kampf gegen die Napoleonische Armee",1791-09-23,1813-08-26,https://d-nb.info/gnd/4012995-0,https://d-nb.info/gnd/7621837-5,_:bn811133,http://viaf.org/viaf/51723180
https://d-nb.info/gnd/118713507,"Körner, Theodor","1813: Beitritt zum Lützowschen Freikorps, gefallen im Forst Rosenow (Nordwestmecklenburg) im Kampf gegen die Napoleonische Armee",1791-09-23,1813-08-26,https://d-nb.info/gnd/4012995-0,https://d-nb.info/gnd/7621837-5,_:bn811133,http://id.loc.gov/rwo/agents/n84045242
https://d-nb.info/gnd/118737775,"Müllner, Adolph",,1774-10-18,1829-06-11,https://d-nb.info/gnd/4647511-4,https://d-nb.info/gnd/4065247-6,_:bn820879,http://id.loc.gov/rwo/agents/n82208045
https://d-nb.info/gnd/118737775,"Müllner, Adolph",,1774-10-18,1829-06-11,https://d-nb.info/gnd/4647511-4,https://d-nb.info/gnd/4065247-6,_:bn820879,http://viaf.org/viaf/34678846
https://d-nb.info/gnd/118737775,"Müllner, Adolph",,1774-10-18,1829-06-11,https://d-nb.info/gnd/4647511-4,https://d-nb.info/gnd/4065247-6,_:bn820879,http://www.wikidata.org/entity/Q73359
https://d-nb.info/gnd/118737775,"Müllner, Adolph",,1774-10-18,1829-06-11,https://d-nb.info/gnd/4647511-4,https://d-nb.info/gnd/4065247-6,_:bn820879,https://dbpedia.org/resource/Amandus_Gottfried_Adolf_M%C3%BCllner
https://d-nb.info/gnd/118737775,"Müllner, Adolph",,1774-10-18,1829-06-11,https://d-nb.info/gnd/4647511-4,https://d-nb.info/gnd/4065247-6,_:bn820879,https://isni.org/isni/0000000108870885
https://d-nb.info/gnd/118785230,"Müller, Wenzel",Österreichischer Komponist und Kapellmeister,1767-09-26,1835-08-03,https://d-nb.info/gnd/4696676-6,https://d-nb.info/gnd/4004168-2,_:bn838546,http://id.loc.gov/rwo/agents/n85173068
https://d-nb.info/gnd/118785230,"Müller, Wenzel",Österreichischer Komponist und Kapellmeister,1767-09-26,1835-08-03,https://d-nb.info/gnd/4696676-6,https://d-nb.info/gnd/4004168-2,_:bn838546,https://isni.org/isni/0000000118563977
https://d-nb.info/gnd/118785230,"Müller, Wenzel",Österreichischer Komponist und Kapellmeister,1767-09-26,1835-08-03,https://d-nb.info/gnd/4696676-6,https://d-nb.info/gnd/4004168-2,_:bn838546,https://isni.org/isni/000000011856323X
https://d-nb.info/gnd/118785230,"Müller, Wenzel",Österreichischer Komponist und Kapellmeister,1767-09-26,1835-08-03,https://d-nb.info/gnd/4696676-6,https://d-nb.info/gnd/4004168-2,_:bn838546,https://dbpedia.org/resource/Wenzel_M%C3%BCller
https://d-nb.info/gnd/118785230,"Müller, Wenzel",Österreichischer Komponist und Kapellmeister,1767-09-26,1835-08-03,https://d-nb.info/gnd/4696676-6,https://d-nb.info/gnd/4004168-2,_:bn838546,https://d-nb.info/gnd/1145736661
https://d-nb.info/gnd/118785230,"Müller, Wenzel",Österreichischer Komponist und Kapellmeister,1767-09-26,1835-08-03,https://d-nb.info/gnd/4696676-6,https://d-nb.info/gnd/4004168-2,_:bn838546,https://d-nb.info/gnd/1053071280
https://d-nb.info/gnd/118785230,"Müller, Wenzel",Österreichischer Komponist und Kapellmeister,1767-09-26,1835-08-03,https://d-nb.info/gnd/4696676-6,https://d-nb.info/gnd/4004168-2,_:bn838546,http://www.wikidata.org/entity/Q725210
https://d-nb.info/gnd/118785230,"Müller, Wenzel",Österreichischer Komponist und Kapellmeister,1767-09-26,1835-08-03,https://d-nb.info/gnd/4696676-6,https://d-nb.info/gnd/4004168-2,_:bn838546,http://viaf.org/viaf/87549923
https://d-nb.info/gnd/118810715,"Börnstein, Heinrich","Aus polit. Gründen nach Amerika emigrierter Journalist, der 1866 nach Österreich zurückkehrte; Herausgeber der ersten deutschsprachigen Zeitung in St. Louis, USA; Theaterdirektor",1805-11-04,1892-09-10,https://d-nb.info/gnd/4023118-5,https://d-nb.info/gnd/4066009-6,_:bn863317,http://id.loc.gov/rwo/agents/n85201304
https://d-nb.info/gnd/118810715,"Börnstein, Heinrich","Aus polit. Gründen nach Amerika emigrierter Journalist, der 1866 nach Österreich zurückkehrte; Herausgeber der ersten deutschsprachigen Zeitung in St. Louis, USA; Theaterdirektor",1805-11-04,1892-09-10,https://d-nb.info/gnd/4023118-5,https://d-nb.info/gnd/4066009-6,_:bn863317,http://viaf.org/viaf/3267298
https://d-nb.info/gnd/118810715,"Börnstein, Heinrich","Aus polit. Gründen nach Amerika emigrierter Journalist, der 1866 nach Österreich zurückkehrte; Herausgeber der ersten deutschsprachigen Zeitung in St. Louis, USA; Theaterdirektor",1805-11-04,1892-09-10,https://d-nb.info/gnd/4023118-5,https://d-nb.info/gnd/4066009-6,_:bn863317,http://www.wikidata.org/entity/Q87331
https://d-nb.info/gnd/118810715,"Börnstein, Heinrich","Aus polit. Gründen nach Amerika emigrierter Journalist, der 1866 nach Österreich zurückkehrte; Herausgeber der ersten deutschsprachigen Zeitung in St. Louis, USA; Theaterdirektor",1805-11-04,1892-09-10,https://d-nb.info/gnd/4023118-5,https://d-nb.info/gnd/4066009-6,_:bn863317,https://d-nb.info/gnd/143541544
https://d-nb.info/gnd/118810715,"Börnstein, Heinrich","Aus polit. Gründen nach Amerika emigrierter Journalist, der 1866 nach Österreich zurückkehrte; Herausgeber der ersten deutschsprachigen Zeitung in St. Louis, USA; Theaterdirektor",1805-11-04,1892-09-10,https://d-nb.info/gnd/4023118-5,https://d-nb.info/gnd/4066009-6,_:bn863317,https://isni.org/isni/0000000080831867
https://d-nb.info/gnd/119106698,"Delavigne, Germain","Französischer Dichter, Librettist und Liedtexter",1790-02-01,1868-11-03,https://d-nb.info/gnd/4021113-7,https://d-nb.info/gnd/4115218-9,_:bn10517600,http://id.loc.gov/rwo/agents/n79108036
https://d-nb.info/gnd/119106698,"Delavigne, Germain","Französischer Dichter, Librettist und Liedtexter",1790-02-01,1868-11-03,https://d-nb.info/gnd/4021113-7,https://d-nb.info/gnd/4115218-9,_:bn10517600,http://viaf.org/viaf/24660602
https://d-nb.info/gnd/119106698,"Delavigne, Germain","Französischer Dichter, Librettist und Liedtexter",1790-02-01,1868-11-03,https://d-nb.info/gnd/4021113-7,https://d-nb.info/gnd/4115218-9,_:bn10517600,http://www.wikidata.org/entity/Q1513808
https://d-nb.info/gnd/119106698,"Delavigne, Germain","Französischer Dichter, Librettist und Liedtexter",1790-02-01,1868-11-03,https://d-nb.info/gnd/4021113-7,https://d-nb.info/gnd/4115218-9,_:bn10517600,https://isni.org/isni/0000000120999366
